"","parameter","group_x","group_y","U_value","p_value","p_value_adj"
"V","AP","Pre-Mal","Post-Mal",6,0.0322007647525047,0.0966022942575142
"V1","AST","Pre-Mal","Post-Mal",45,0.3203125,0.4647216796875
"V2","GGT","Pre-Mal","Post-Mal",5,0.0141454442243062,0.0636544990093778
"V3","BuChE","Pre-Mal","Post-Mal",36,0.8310546875,0.8310546875
"V4","BA","Pre-Mal","Post-Mal",48,0.2060546875,0.3708984375
"V5","LDH","Pre-Mal","Post-Mal",60,0.013671875,0.0636544990093778
"V6","CK","Pre-Mal","Post-Mal",12,0.0673828125,0.151611328125
"V7","ALB","Pre-Mal","Post-Mal",43,0.4130859375,0.4647216796875
"V8","TP","Pre-Mal","Post-Mal",19,0.411462194120824,0.4647216796875
